MAE,RMSE,MASE,MAPE,fold,item_id,store_id,model,phase
2.142857142857143,2.7774602993176543,0.9130624726955001,25.396825396825395,1,ITEM_001,STORE_01,naive,1
4.142857142857143,5.237229365663817,1.663510360916701,13.842186117436176,1,ITEM_001,STORE_02,naive,1
3.357142857142857,4.234214381508266,1.6129720853858784,12.994309097469921,1,ITEM_001,STORE_03,naive,1
1.5,2.220038609702865,0.7165714285714285,12.70336806051092,1,ITEM_002,STORE_01,naive,1
5.285714285714286,6.07100838882165,2.2919383521043275,25.06762381395141,1,ITEM_002,STORE_02,naive,1
4.785714285714286,6.22781777878209,2.0206349206349206,15.135762372823045,1,ITEM_002,STORE_03,naive,1
4.0,5.398412465054624,1.6538081107814047,14.834272850554363,1,ITEM_003,STORE_01,naive,1
4.357142857142857,5.8248237251071755,2.0886304062909566,12.694024752443319,1,ITEM_003,STORE_02,naive,1
2.5,2.9640705601780613,1.1248654467169,18.11125848940975,1,ITEM_003,STORE_03,naive,1
3.4285714285714284,4.326001122779063,1.4161490683229814,13.360267325304392,1,ITEM_004,STORE_01,naive,1
3.7142857142857144,4.825527358301296,1.7289214126630608,15.060663957637408,1,ITEM_004,STORE_02,naive,1
2.2857142857142856,2.9760952365713798,0.9719517511989537,18.311024814784215,1,ITEM_004,STORE_03,naive,1
2.2142857142857144,2.866057521105554,0.9551820728291316,28.45199443413729,1,ITEM_005,STORE_01,naive,1
3.4285714285714284,4.58257569495584,1.5181598062953996,16.37902290102644,1,ITEM_005,STORE_02,naive,1
2.642857142857143,3.5355339059327378,1.1459691760521638,27.732505589648447,1,ITEM_005,STORE_03,naive,1
3.2142857142857144,4.636809247747852,1.283258288988948,16.540322020617587,1,ITEM_006,STORE_01,naive,1
4.071428571428571,4.28452364413395,1.7472865943091813,48.83219954648525,1,ITEM_006,STORE_02,naive,1
2.642857142857143,3.7129118338191502,1.1047142857142858,14.758144516547874,1,ITEM_006,STORE_03,naive,1
3.4285714285714284,3.9641248358604595,1.4432455761760896,27.93706293706294,1,ITEM_007,STORE_01,naive,1
2.7142857142857144,3.605551275463989,1.1843125559200718,11.516079509678809,1,ITEM_007,STORE_02,naive,1
2.7857142857142856,3.5355339059327378,1.224425416854439,13.646504056167924,1,ITEM_007,STORE_03,naive,1
3.357142857142857,4.3177375027735465,1.5856335754640842,13.500728858519889,1,ITEM_008,STORE_01,naive,1
2.7142857142857144,3.0,1.1518491660623642,17.840061555231838,1,ITEM_008,STORE_02,naive,1
4.285714285714286,4.6291004988627575,1.778975741239892,40.048998620427184,1,ITEM_008,STORE_03,naive,1
2.7142857142857144,3.565709706956767,1.2239173986746803,20.519926502069357,1,ITEM_009,STORE_01,naive,1
2.5714285714285716,3.2071349029490928,1.1483516483516483,14.45699651471434,1,ITEM_009,STORE_02,naive,1
3.0,3.6645015252516173,1.378021978021978,18.47933403997477,1,ITEM_009,STORE_03,naive,1
4.857142857142857,5.694608979427072,1.9924295527828402,32.164346170316975,1,ITEM_010,STORE_01,naive,1
4.0,4.47213595499958,1.8114842903575297,14.522760251021122,1,ITEM_010,STORE_02,naive,1
3.2142857142857144,4.480114794447635,1.3951935914552736,18.74135152772924,1,ITEM_010,STORE_03,naive,1
1.7857142857142858,2.1547290184283368,0.7698887938408896,18.747680890538035,2,ITEM_001,STORE_01,naive,1
5.071428571428571,5.6631641836899425,2.0456182472989197,20.09502749953061,2,ITEM_001,STORE_02,naive,1
4.142857142857143,5.331845030434721,1.981964878974846,15.597248876854138,2,ITEM_001,STORE_03,naive,1
2.0714285714285716,2.4053511772118195,0.9747899159663866,20.45222634508349,2,ITEM_002,STORE_01,naive,1
3.7142857142857144,4.342481186734475,1.5918367346938775,17.199196982408054,2,ITEM_002,STORE_02,naive,1
5.142857142857143,6.557438524302,2.165413533834587,14.806547230358778,2,ITEM_002,STORE_03,naive,1
3.0714285714285716,4.0970372570571385,1.2819875776397516,11.296575063929835,2,ITEM_003,STORE_01,naive,1
3.5714285714285716,4.913538149119954,1.7104846373139058,10.365270520952063,2,ITEM_003,STORE_02,naive,1
3.0714285714285716,4.367084676466507,1.3821428571428571,18.512253386202964,2,ITEM_003,STORE_03,naive,1
3.5714285714285716,4.342481186734475,1.484944314588203,14.79639274124568,2,ITEM_004,STORE_01,naive,1
3.142857142857143,4.140393356054125,1.4443768996960484,12.492104245499831,2,ITEM_004,STORE_02,naive,1
2.142857142857143,2.449489742783178,0.9129332206255283,19.63512677798392,2,ITEM_004,STORE_03,naive,1
7.928571428571429,8.241879119992687,3.394591533342772,116.55741084312513,2,ITEM_005,STORE_01,naive,1
2.7142857142857144,3.401680257083045,1.1977236246899168,13.768901929560931,2,ITEM_005,STORE_02,naive,1
1.9285714285714286,2.345207879911715,0.8306509044295686,16.119287458573176,2,ITEM_005,STORE_03,naive,1
3.142857142857143,3.605551275463989,1.2536604669568656,15.28513662856874,2,ITEM_006,STORE_01,naive,1
2.0714285714285716,2.4640269015229057,0.8912919749573137,28.162551733980308,2,ITEM_006,STORE_02,naive,1
3.0714285714285716,3.882193783343198,1.280750137892995,18.67463851569336,2,ITEM_006,STORE_03,naive,1
2.357142857142857,2.7902892835178013,1.0002806623631773,23.65301365301366,2,ITEM_007,STORE_01,naive,1
3.357142857142857,4.862392121462145,1.4708780063749638,13.814208741967555,2,ITEM_007,STORE_02,naive,1
3.642857142857143,4.166190448976482,1.5960591133004927,20.81015915137985,2,ITEM_007,STORE_03,naive,1
3.0714285714285716,3.8452196667699345,1.4359925788497219,12.573580754358787,2,ITEM_008,STORE_01,naive,1
3.5,3.900549411850299,1.4736842105263157,22.95782785598277,2,ITEM_008,STORE_02,naive,1
1.9285714285714286,2.345207879911715,0.8026424442609414,18.310974739546165,2,ITEM_008,STORE_03,naive,1
2.7857142857142856,3.453776401067595,1.2721232256115975,22.577224362938647,2,ITEM_009,STORE_01,naive,1
2.7142857142857144,3.093772546815388,1.2113341204250294,15.538488122521738,2,ITEM_009,STORE_02,naive,1
2.142857142857143,2.9760952365713798,0.989010989010989,12.196628651460584,2,ITEM_009,STORE_03,naive,1
4.071428571428571,5.021382848806264,1.6655844155844153,20.67115504035009,2,ITEM_010,STORE_01,naive,1
4.5,5.763183643984088,2.054968287526427,14.736617050769848,2,ITEM_010,STORE_02,naive,1
4.357142857142857,5.063877678504601,1.8936475998850242,27.405016662535463,2,ITEM_010,STORE_03,naive,1
1.8571428571428572,2.23606797749979,0.8096634548247452,20.85230245944532,3,ITEM_001,STORE_01,naive,1
4.357142857142857,4.992852033514655,1.7714546164865215,14.97565629734223,3,ITEM_001,STORE_02,naive,1
3.357142857142857,3.770183777256185,1.5979570056411039,14.454091124050317,3,ITEM_001,STORE_03,naive,1
2.0714285714285716,3.011881234615431,0.9786622276029057,22.219645433931152,3,ITEM_002,STORE_01,naive,1
3.5714285714285716,4.3094580368566735,1.5345444536195982,15.748025943222984,3,ITEM_002,STORE_02,naive,1
5.0,5.644213218610974,2.117758784425451,16.766449205373306,3,ITEM_002,STORE_03,naive,1
4.071428571428571,5.063877678504601,1.7114581930793051,17.22681139520362,3,ITEM_003,STORE_01,naive,1
4.714285714285714,5.451081150953975,2.2779755455811794,14.734882959064596,3,ITEM_003,STORE_02,naive,1
2.7857142857142856,3.2841611235921855,1.251186879585671,23.218844647416077,3,ITEM_003,STORE_03,naive,1
3.0,3.779644730092272,1.2458100558659218,11.818865407535359,3,ITEM_004,STORE_01,naive,1
3.4285714285714284,4.0,1.5764359351988217,15.532038241180018,3,ITEM_004,STORE_02,naive,1
1.9285714285714286,2.3145502494313788,0.830253723110866,14.83069509855224,3,ITEM_004,STORE_03,naive,1
2.0,2.23606797749979,0.8511450381679388,26.681354359925784,3,ITEM_005,STORE_01,naive,1
2.9285714285714284,3.8452196667699345,1.2944924253150218,16.259942202652237,3,ITEM_005,STORE_02,naive,1
1.7142857142857142,2.6726124191242437,0.7394307819839735,12.863327149041433,3,ITEM_005,STORE_03,naive,1
3.0714285714285716,3.789082059964241,1.2285714285714286,15.574564504395475,3,ITEM_006,STORE_01,naive,1
1.7857142857142858,2.4053511772118195,0.763594028215313,29.563293849008137,3,ITEM_006,STORE_02,naive,1
3.0,4.58257569495584,1.2551594746716699,15.685608911756924,3,ITEM_006,STORE_03,naive,1
2.2142857142857144,2.632217967526897,0.9477652865368797,21.62920412920413,3,ITEM_007,STORE_01,naive,1
2.7142857142857144,4.795831523312719,1.1950359610774222,9.560894214144987,3,ITEM_007,STORE_02,naive,1
2.857142857142857,4.326001122779063,1.2407845319237725,13.190322467659835,3,ITEM_007,STORE_03,naive,1
3.857142857142857,4.956957592256421,1.7882387882387885,15.410065767744072,3,ITEM_008,STORE_01,naive,1
2.5,3.863750953228149,1.0558712121212122,12.105619059217888,3,ITEM_008,STORE_02,naive,1
2.0,2.4201534780139164,0.8352059925093633,19.565999476713763,3,ITEM_008,STORE_03,naive,1
1.9285714285714286,2.4640269015229057,0.8768020969855833,16.717815914244486,3,ITEM_009,STORE_01,naive,1
3.0714285714285716,4.008918628686366,1.369857142857143,16.24938635741378,3,ITEM_009,STORE_02,naive,1
3.642857142857143,4.0970372570571385,1.6924107142857143,20.470837333277963,3,ITEM_009,STORE_03,naive,1
3.2857142857142856,4.088310863215481,1.3419675562532705,17.89495442445753,3,ITEM_010,STORE_01,naive,1
4.857142857142857,5.644213218610974,2.2402127345250404,18.655500449306434,3,ITEM_010,STORE_02,naive,1
2.5714285714285716,3.7032803990902057,1.111295681063123,14.543226381461677,3,ITEM_010,STORE_03,naive,1
2.5,3.370036032024414,1.0973282442748091,21.717171717171716,4,ITEM_001,STORE_01,naive,1
4.857142857142857,5.503245795502349,1.978995318233582,18.047829291671654,4,ITEM_001,STORE_02,naive,1
3.9285714285714284,4.862392121462145,1.8785268785268783,15.467845377890937,4,ITEM_001,STORE_03,naive,1
1.7857142857142858,2.3145502494313788,0.8356343554715884,21.79530786673644,4,ITEM_002,STORE_01,naive,1
4.071428571428571,4.832922806867792,1.7569016349504152,15.965265631854964,4,ITEM_002,STORE_02,naive,1
3.2857142857142856,4.174754056057845,1.3866317169069462,10.572068338389826,4,ITEM_002,STORE_03,naive,1
3.7142857142857144,4.69041575982343,1.5718228413720596,14.605603726355584,4,ITEM_003,STORE_01,naive,1
5.785714285714286,6.519202405202649,2.7240824681971048,20.1913771183548,4,ITEM_003,STORE_02,naive,1
2.857142857142857,3.7416573867739413,1.2847367686077362,16.246998799519808,4,ITEM_003,STORE_03,naive,1
3.5,3.973123995763823,1.459655485040798,14.699000825982658,4,ITEM_004,STORE_01,naive,1
3.9285714285714284,5.509731650193397,1.8272425249169435,15.44230926483202,4,ITEM_004,STORE_02,naive,1
2.0,2.5071326821120348,0.8534322820037106,18.63997113997114,4,ITEM_004,STORE_03,naive,1
1.6428571428571428,2.052872551885702,0.6990881458966565,26.82333539476397,4,ITEM_005,STORE_01,naive,1
3.857142857142857,5.2508502712826015,1.712630998345284,17.655126310039453,4,ITEM_005,STORE_02,naive,1
2.4285714285714284,2.8535691936340255,1.0353501919766979,23.964368964368962,4,ITEM_005,STORE_03,naive,1
6.0,7.502380574571933,2.4,26.556784008830043,4,ITEM_006,STORE_01,naive,1
1.4285714285714286,1.7728105208558367,0.6130063965884862,21.358482787054214,4,ITEM_006,STORE_02,naive,1
2.5714285714285716,3.3806170189140663,1.081222251240533,15.795168545887254,4,ITEM_006,STORE_03,naive,1
2.5,3.595632271043777,1.0599078341013826,28.875053517910658,4,ITEM_007,STORE_01,naive,1
3.5,4.77343841331532,1.5646258503401362,12.938931383459117,4,ITEM_007,STORE_02,naive,1
3.357142857142857,4.743416490252569,1.4541296744686574,15.086975017132891,4,ITEM_007,STORE_03,naive,1
3.142857142857143,3.760699023168052,1.4573732718894008,14.666452766850819,4,ITEM_008,STORE_01,naive,1
2.7142857142857144,3.7984959429452374,1.1486397686949665,15.0327948144901,4,ITEM_008,STORE_02,naive,1
1.1428571428571428,1.558387444947959,0.47966631908237745,11.726963512677798,4,ITEM_008,STORE_03,naive,1
2.857142857142857,3.7032803990902057,1.303854875283447,20.881814264167208,4,ITEM_009,STORE_01,naive,1
3.2857142857142856,3.779644730092272,1.4367191743617598,19.490107255716932,4,ITEM_009,STORE_02,naive,1
2.642857142857143,3.218251521733946,1.2072634416229253,14.43540586397729,4,ITEM_009,STORE_03,naive,1
6.857142857142857,7.653197277702214,2.8113063407181054,34.11907911778111,4,ITEM_010,STORE_01,naive,1
4.857142857142857,5.3452248382484875,2.2187544332529434,17.66758562643896,4,ITEM_010,STORE_02,naive,1
3.857142857142857,4.503966505838413,1.6770186335403727,23.190984527782405,4,ITEM_010,STORE_03,naive,1
3.4285714285714284,4.088310863215481,1.507553670818977,30.112179487179485,5,ITEM_001,STORE_01,naive,1
5.214285714285714,6.82955760960087,2.125168898169758,15.552731987100671,5,ITEM_001,STORE_02,naive,1
3.857142857142857,4.735881272643079,1.83011583011583,15.130162011073969,5,ITEM_001,STORE_03,naive,1
2.357142857142857,2.815771906346718,1.108418367346939,26.18532261389404,5,ITEM_002,STORE_01,naive,1
3.7857142857142856,4.496029994816062,1.6195203713254256,16.862226707448105,5,ITEM_002,STORE_02,naive,1
4.642857142857143,5.298247688757914,1.9544531844709465,15.811163858730811,5,ITEM_002,STORE_03,naive,1
3.857142857142857,5.41162769282166,1.6150933871781927,13.38938555007479,5,ITEM_003,STORE_01,naive,1
4.785714285714286,6.692212958783834,2.2639007698887936,13.317123979299863,5,ITEM_003,STORE_02,naive,1
2.2142857142857144,2.815771906346718,0.9845885821495579,16.197037089894234,5,ITEM_003,STORE_03,naive,1
4.071428571428571,4.698023900687242,1.7063281546040168,16.23422525678165,5,ITEM_004,STORE_01,naive,1
3.5714285714285716,4.59813626840888,1.6727837380011292,14.37561877969162,5,ITEM_004,STORE_02,naive,1
1.8571428571428572,2.32992949004287,0.794481691593605,17.39757266542981,5,ITEM_004,STORE_03,naive,1
2.142857142857143,2.903200204700225,0.9233766233766233,35.15997890997891,5,ITEM_005,STORE_01,naive,1
3.7142857142857144,4.105745103771404,1.6211523283346487,20.09387226430474,5,ITEM_005,STORE_02,naive,1
1.5,1.7525491637693282,0.6457765667574932,12.627769056340485,5,ITEM_005,STORE_03,naive,1
2.2857142857142856,2.9277002188455996,0.9089165867689357,12.462541715250694,5,ITEM_006,STORE_01,naive,1
2.642857142857143,3.1959796173138706,1.142987486965589,27.408781694495982,5,ITEM_006,STORE_02,naive,1
3.2857142857142856,4.0178174601214955,1.3893207595259336,25.867930809700994,5,ITEM_006,STORE_03,naive,1
2.7857142857142856,3.3058389901160385,1.175804605012085,25.258526487518086,5,ITEM_007,STORE_01,naive,1
3.9285714285714284,5.311712126450916,1.7684167684167684,14.920426321774519,5,ITEM_007,STORE_02,naive,1
3.7857142857142856,5.049752469181039,1.6402454949072864,17.46353926185859,5,ITEM_007,STORE_03,naive,1
3.0,4.44007721940573,1.3913894324853229,11.78939412022119,5,ITEM_008,STORE_01,naive,1
2.0714285714285716,2.7645717829090897,0.8750954927425516,12.851369259304857,5,ITEM_008,STORE_02,naive,1
2.357142857142857,2.939873661036668,0.9984680199157411,21.79074893360608,5,ITEM_008,STORE_03,naive,1
2.5,2.7902892835178013,1.1361457334611698,22.22735597735598,5,ITEM_009,STORE_01,naive,1
5.214285714285714,5.970163912561961,2.2550834202294054,33.09056078571779,5,ITEM_009,STORE_02,naive,1
5.785714285714286,6.617077473153407,2.6394885191805306,28.838013913699452,5,ITEM_009,STORE_03,naive,1
3.4285714285714284,4.391550328268399,1.390199193449835,16.166340096497972,5,ITEM_010,STORE_01,naive,1
3.7142857142857144,5.209880722517277,1.692857142857143,12.584299729281728,5,ITEM_010,STORE_02,naive,1
3.7857142857142856,4.728334046695819,1.6195203713254256,23.03215685734483,5,ITEM_010,STORE_03,naive,1
2.5714285714285716,3.0472470011002204,1.1387088410681878,25.872381586667302,6,ITEM_001,STORE_01,naive,1
3.7857142857142856,5.548487567410986,1.549856184084372,11.586454391076241,6,ITEM_001,STORE_02,naive,1
4.142857142857143,5.1269595556932455,1.9704817599554443,15.815162732639848,6,ITEM_001,STORE_03,naive,1
2.0714285714285716,2.49284690951645,0.9608908202064097,22.770800627943487,6,ITEM_002,STORE_01,naive,1
4.0,5.11300861947808,1.7092819614711032,16.025302834878946,6,ITEM_002,STORE_02,naive,1
4.928571428571429,6.766514190165737,2.069830341775264,14.770460682473836,6,ITEM_002,STORE_03,naive,1
3.4285714285714284,4.391550328268399,1.43003663003663,13.071729401913206,6,ITEM_003,STORE_01,naive,1
4.857142857142857,6.347102826149446,2.3012482662968097,13.92453398158838,6,ITEM_003,STORE_02,naive,1
2.2142857142857144,3.1052950170405937,0.9850240916786042,16.065000414881673,6,ITEM_003,STORE_03,naive,1
5.571428571428571,6.436503043467892,2.3099890763442166,24.964841830647647,6,ITEM_004,STORE_01,naive,1
2.7857142857142856,3.770183777256185,1.3033830982057253,11.59348014261159,6,ITEM_004,STORE_02,naive,1
2.7857142857142856,3.595632271043777,1.1872738615096694,19.72731400252409,6,ITEM_004,STORE_03,naive,1
2.642857142857143,3.24037034920393,1.1433637284701113,26.86813186813187,6,ITEM_005,STORE_01,naive,1
3.0714285714285716,3.8452196667699345,1.3217435122197028,14.55549441999022,6,ITEM_005,STORE_02,naive,1
2.9285714285714284,3.5355339059327378,1.268094815565978,25.197365659550535,6,ITEM_005,STORE_03,naive,1
3.642857142857143,4.605896841472431,1.4583382163365757,16.568301921288768,6,ITEM_006,STORE_01,naive,1
1.9285714285714286,2.1213203435596424,0.8350868297629611,24.166151309008452,6,ITEM_006,STORE_02,naive,1
3.142857142857143,4.0178174601214955,1.3325058954946007,19.32726200528058,6,ITEM_006,STORE_03,naive,1
3.5,4.0970372570571385,1.4648370497427101,28.506939489082345,6,ITEM_007,STORE_01,naive,1
3.642857142857143,4.399675312695569,1.6279434850863421,16.728633374586494,6,ITEM_007,STORE_02,naive,1
3.0,4.375255094603872,1.300177619893428,13.710032009937784,6,ITEM_007,STORE_03,naive,1
3.2142857142857144,4.28452364413395,1.5053468604332327,13.977154396378802,6,ITEM_008,STORE_01,naive,1
3.357142857142857,3.7129118338191502,1.4184291898577612,21.139993546825846,6,ITEM_008,STORE_02,naive,1
4.071428571428571,4.574775560458833,1.7157660991857884,34.50646575646576,6,ITEM_008,STORE_03,naive,1
2.642857142857143,3.575711717366808,1.2064679941200054,27.23031520300428,6,ITEM_009,STORE_01,naive,1
2.9285714285714284,3.4330328116279762,1.261379397301727,16.099997077983925,6,ITEM_009,STORE_02,naive,1
2.857142857142857,3.4434202266268428,1.2922017741294851,14.88390356142457,6,ITEM_009,STORE_03,naive,1
3.2142857142857144,4.464142854857069,1.3071428571428572,15.647266058920195,6,ITEM_010,STORE_01,naive,1
5.0,6.792853387410709,2.255083179297597,16.36510015982686,6,ITEM_010,STORE_02,naive,1
2.5,3.058944729337694,1.071115013169447,15.969694220468211,6,ITEM_010,STORE_03,naive,1
1.7857142857142858,2.1213203435596424,0.7905013857394809,21.791105719677148,7,ITEM_001,STORE_01,naive,1
4.142857142857143,5.843188953205018,1.707482993197279,12.58893497430493,7,ITEM_001,STORE_02,naive,1
4.428571428571429,6.094494002200441,2.093354856066721,15.451074068246742,7,ITEM_001,STORE_03,naive,1
3.357142857142857,4.026696625558687,1.5720948827292112,47.70158413015556,7,ITEM_002,STORE_01,naive,1
3.142857142857143,3.9821028185046727,1.3461725987323256,13.018505563750798,7,ITEM_002,STORE_02,naive,1
4.285714285714286,5.0426750270636544,1.8003586371787208,14.445409028012685,7,ITEM_002,STORE_03,naive,1
6.571428571428571,8.340948901139999,2.7331045094093973,22.788069020799703,7,ITEM_003,STORE_01,naive,1
3.7857142857142856,5.257647491307984,1.7877973390673296,11.214183222442486,7,ITEM_003,STORE_02,naive,1
3.0714285714285716,3.595632271043777,1.3644753476611884,19.1816605184584,7,ITEM_003,STORE_03,naive,1
3.9285714285714284,5.161671932897048,1.633921174103444,14.725865451550629,7,ITEM_004,STORE_01,naive,1
5.428571428571429,6.654751256486923,2.5660478880817865,21.142951549408867,7,ITEM_004,STORE_02,naive,1
2.9285714285714284,3.391164991562634,1.24905935186309,29.430112371288836,7,ITEM_004,STORE_03,naive,1
2.7142857142857144,3.1847852585154217,1.1675847716978822,29.69649398220827,7,ITEM_005,STORE_01,naive,1
2.857142857142857,3.5456210417116734,1.2237932715748414,15.44577816431123,7,ITEM_005,STORE_02,naive,1
5.0,5.631543812693436,2.1619293712316967,41.884348144852346,7,ITEM_005,STORE_03,naive,1
5.142857142857143,5.80640040940045,2.039268788083954,29.846411624770568,7,ITEM_006,STORE_01,naive,1
2.5714285714285716,3.1847852585154217,1.1118493909191585,37.09379905808477,7,ITEM_006,STORE_02,naive,1
3.4285714285714284,4.140393356054125,1.4427014728774996,20.655610729140136,7,ITEM_006,STORE_03,naive,1
2.642857142857143,2.988071523335984,1.0955526719358264,25.412382901878694,7,ITEM_007,STORE_01,naive,1
3.9285714285714284,4.77343841331532,1.7719163136952896,17.061139940339213,7,ITEM_007,STORE_02,naive,1
2.7857142857142856,4.06201920231798,1.2160248447204967,13.219222367540734,7,ITEM_007,STORE_03,naive,1
3.642857142857143,4.448113564840075,1.725202156334232,16.861436808805227,7,ITEM_008,STORE_01,naive,1
2.7142857142857144,3.4226138716316967,1.145981016460411,19.287873780354982,7,ITEM_008,STORE_02,naive,1
3.4285714285714284,4.0708019567928595,1.4475549681605189,50.5674087816945,7,ITEM_008,STORE_03,naive,1
2.7857142857142856,3.3487737627802976,1.266692546583851,21.88998501498501,7,ITEM_009,STORE_01,naive,1
2.5714285714285716,3.1622776601683795,1.1089837997054492,14.659796215136774,7,ITEM_009,STORE_02,naive,1
3.2857142857142856,4.088310863215481,1.4886539453326457,16.91447593530166,7,ITEM_009,STORE_03,naive,1
2.0714285714285716,2.866057521105554,0.8474793340319013,11.797507185705944,7,ITEM_010,STORE_01,naive,1
4.928571428571429,6.193314367698676,2.2070855103861353,16.218521472553732,7,ITEM_010,STORE_02,naive,1
4.285714285714286,5.41162769282166,1.8388278388278387,23.377981795525013,7,ITEM_010,STORE_03,naive,1
1.873577322278704,2.099829114123996,0.7983234665774702,22.53868246835376,1,ITEM_001,STORE_01,lstm,1
1.5941096714564733,2.091426704802418,0.6400939891150872,5.144962109757268,1,ITEM_001,STORE_02,lstm,1
2.046639851161411,2.3039010504739394,0.9833281123970917,8.175725971877824,1,ITEM_001,STORE_03,lstm,1
1.567765780857631,1.992441221841534,0.7489441101697026,15.117527605862978,1,ITEM_002,STORE_01,lstm,1
2.219864709036691,2.5337781606462975,0.9625554443748308,9.682408660211514,1,ITEM_002,STORE_02,lstm,1
1.7909442356654566,2.3540126260961474,0.7561764550587484,6.202617527017099,1,ITEM_002,STORE_03,lstm,1
1.4007949829101562,1.826556092967562,0.5791615260696789,5.811177234370998,1,ITEM_003,STORE_01,lstm,1
1.269032069614955,1.72700435011912,0.6083204186915726,4.181731398524892,1,ITEM_003,STORE_02,lstm,1
1.4742469787597652,1.7303839514809447,0.6633317945334573,11.955314942475418,1,ITEM_003,STORE_03,lstm,1
1.2174092701503212,1.5661606502323244,0.5028429594099153,5.350580007126527,1,ITEM_004,STORE_01,lstm,1
1.574877466474261,2.66233258797068,0.7330721391828965,6.606413078860443,1,ITEM_004,STORE_02,lstm,1
1.5819451468331474,1.9039546722410896,0.672688780647259,13.749387564293347,1,ITEM_004,STORE_03,lstm,1
1.9043285506112235,2.7269713081621445,0.8214750610479787,22.64966543606448,1,ITEM_005,STORE_01,lstm,1
1.9814374106270922,2.4663389332073526,0.8773737686886913,9.852606595356226,1,ITEM_005,STORE_02,lstm,1
2.0483363015311107,2.6313051190809107,0.8881790187136974,20.39044924749663,1,ITEM_005,STORE_03,lstm,1
2.327401638031006,2.8947348180934047,0.9291823158519201,11.688065405999117,1,ITEM_006,STORE_01,lstm,1
1.4324428353990826,1.808301027599643,0.6147444611876967,18.959548862612973,1,ITEM_006,STORE_02,lstm,1
1.9098148345947255,2.443738108843332,0.7983026008605952,11.09354060608328,1,ITEM_006,STORE_03,lstm,1
1.2607815606253487,1.4631041267190552,0.5307217445532687,11.17283063904005,1,ITEM_007,STORE_01,lstm,1
1.7970538820539197,2.1306938895607086,0.7841007543826081,7.908147378305353,1,ITEM_007,STORE_02,lstm,1
1.9479232515607559,2.262297549852792,0.8561849833358528,10.08979406567513,1,ITEM_007,STORE_03,lstm,1
1.9409973961966387,2.48678116675509,0.9167648718759266,7.882300806720252,1,ITEM_008,STORE_01,lstm,1
1.7078576769147606,2.04938720514242,0.7247558466501218,11.748824736593573,1,ITEM_008,STORE_02,lstm,1
1.2012133598327637,1.4865235146123,0.4986168663456755,11.086683421611083,1,ITEM_008,STORE_03,lstm,1
1.1703775950840536,1.5225122501529758,0.5277430795524644,10.841801572320096,1,ITEM_009,STORE_01,lstm,1
1.6340282985142294,1.9157276278571964,0.7297263127980211,8.569313359189358,1,ITEM_009,STORE_02,lstm,1
1.9189443588256836,2.334523845702483,0.8814491670210283,11.135684156493742,1,ITEM_009,STORE_03,lstm,1
1.7182897159031458,2.0727878358289082,0.7048528962193473,11.327442535596807,1,ITEM_010,STORE_01,lstm,1
1.1368308748517726,1.3805975547544465,0.5148378176468482,4.134898139824287,1,ITEM_010,STORE_02,lstm,1
1.8353723117283416,2.2504638392030407,0.7966621249246592,13.358963328455667,1,ITEM_010,STORE_03,lstm,1
1.1496611322675432,1.548367609109015,0.49566228457043776,10.32182723412782,2,ITEM_001,STORE_01,lstm,1
1.6891570772443505,1.9222924570253088,0.6813406698128472,6.403651191120531,2,ITEM_001,STORE_02,lstm,1
1.9298601150512693,2.322324487087045,0.9232553374331655,8.161829056368433,2,ITEM_001,STORE_03,lstm,1
1.367974962506976,1.7941920568584004,0.6437529235326945,13.610667623310723,2,ITEM_002,STORE_01,lstm,1
1.6863951001848496,2.1003142299269433,0.7227407572220783,7.643203968689363,2,ITEM_002,STORE_02,lstm,1
1.4172593525477815,1.8700940330263622,0.5967407800201185,4.5086199964600056,2,ITEM_002,STORE_03,lstm,1
1.4018507003784182,1.6952430563079794,0.5851202923318615,5.399167802651202,2,ITEM_003,STORE_01,lstm,1
0.9260462352207729,1.1420725062653612,0.44351660046050323,2.8395252988274504,2,ITEM_003,STORE_02,lstm,1
1.9141606603349959,2.59369315016547,0.8613722971507481,11.879866841944954,2,ITEM_003,STORE_03,lstm,1
1.8775373186383937,2.09702126028586,0.7806507426869933,8.12565450103313,2,ITEM_004,STORE_01,lstm,1
1.273012842450823,1.6697028624633001,0.5850441999348462,5.512430837896099,2,ITEM_004,STORE_02,lstm,1
1.456193174634661,1.7970161606737656,0.6203899915603289,13.085148450001768,2,ITEM_004,STORE_03,lstm,1
1.4774962152753557,1.955520838395725,0.6325850991069907,24.453522839071432,2,ITEM_005,STORE_01,lstm,1
1.373893942151751,1.7121910155607911,0.6062535066491894,7.726927350254289,2,ITEM_005,STORE_02,lstm,1
1.2860071318490165,1.754076637562315,0.5538934007565056,10.196266427052272,2,ITEM_005,STORE_03,lstm,1
1.6321916580200195,2.145836005164066,0.6510681405952432,7.619146995566843,2,ITEM_006,STORE_01,lstm,1
2.1836208615984236,2.686311152245453,0.9395659484168516,26.564826498999388,2,ITEM_006,STORE_02,lstm,1
1.5686373710632324,1.901211693740677,0.6541036141885292,11.687847063694097,2,ITEM_006,STORE_03,lstm,1
1.538697106497628,1.6913229795218943,0.6529638015785613,14.953569604191614,2,ITEM_007,STORE_01,lstm,1
1.4370498657226562,1.9819053077995352,0.6296202251442063,6.486441179157963,2,ITEM_007,STORE_02,lstm,1
1.4945836748395647,1.8718152255213083,0.6548277358323448,8.283463104950862,2,ITEM_007,STORE_03,lstm,1
1.6097149167742042,2.1129394906994317,0.7525939870632643,7.346099534385241,2,ITEM_008,STORE_01,lstm,1
1.3631353378295898,2.1336307445551217,0.5739517211914062,7.676980275727328,2,ITEM_008,STORE_02,lstm,1
1.5431008338928223,1.7248764588018821,0.6422153759553942,15.830539485517248,2,ITEM_008,STORE_03,lstm,1
1.6778580120631628,2.1411912970108227,0.7662100012804295,15.85542135964115,2,ITEM_009,STORE_01,lstm,1
1.3482339722769594,1.8541147215023215,0.6016911942393042,7.357709080145999,2,ITEM_009,STORE_02,lstm,1
1.558040618896484,1.7357639409958432,0.7190956702599157,8.587422242477137,2,ITEM_009,STORE_03,lstm,1
1.3991507121494837,1.626334771597471,0.5723798367884251,8.478278473515653,2,ITEM_010,STORE_01,lstm,1
1.5822770254952563,1.8808150625388202,0.7225620243276435,5.826920274178389,2,ITEM_010,STORE_02,lstm,1
1.7556512015206474,2.1334851316905667,0.7630194356709453,12.98106787604241,2,ITEM_010,STORE_03,lstm,1
1.4742308344159807,1.726260252718506,0.6427242934012976,15.378140481591323,3,ITEM_001,STORE_01,lstm,1
2.0209653036934987,2.327020719392315,0.8216504334068372,7.19034040591902,3,ITEM_001,STORE_02,lstm,1
1.1099296297345838,1.3898000526462841,0.5283122890732384,5.069630517358434,3,ITEM_001,STORE_03,lstm,1
1.9831050464085165,2.4519148556663075,0.9369331045531762,21.723809976524674,3,ITEM_002,STORE_01,lstm,1
1.8626234872000562,2.2304047498252095,0.8003179916100435,8.781759396301528,3,ITEM_002,STORE_02,lstm,1
1.624648639133999,2.1014547318471055,0.6881227854261762,5.033504797239904,3,ITEM_002,STORE_03,lstm,1
2.231768744332449,2.586165222396474,0.9381421865902662,9.986870923410441,3,ITEM_003,STORE_01,lstm,1
2.6098636899675642,3.062490260540594,1.261104231555291,8.23910322853115,3,ITEM_003,STORE_02,lstm,1
1.174978256225586,1.419904047351824,0.5277344433802733,9.252592433355812,3,ITEM_003,STORE_03,lstm,1
1.8326211656842908,2.294086315407443,0.761032625600739,6.810370022634523,3,ITEM_004,STORE_01,lstm,1
1.426129477364676,1.5759098812648695,0.6557255122728305,6.779222425199308,3,ITEM_004,STORE_02,lstm,1
1.6546874727521623,2.1288238076320827,0.7123461513971664,13.216604019378448,3,ITEM_004,STORE_03,lstm,1
1.8299619470323836,2.1534430319165088,0.778781515626377,24.32700304119053,3,ITEM_005,STORE_01,lstm,1
1.8991599082946777,2.261880950508577,0.8394700883046842,11.729350467553013,3,ITEM_005,STORE_02,lstm,1
1.809553827558245,2.3781863951884343,0.7805232176895333,13.490138929717393,3,ITEM_005,STORE_03,lstm,1
1.3759347370692667,2.097769102952773,0.5503738948277067,8.479419941187945,3,ITEM_006,STORE_01,lstm,1
1.2602425983973913,1.6646255846670444,0.5388956844537263,19.96612395461687,3,ITEM_006,STORE_02,lstm,1
1.9362323624747135,2.44235844404429,0.8100934649753492,11.696021722814969,3,ITEM_006,STORE_03,lstm,1
1.8431900569370814,2.169347327354916,0.7889277978828583,15.787191311068455,3,ITEM_007,STORE_01,lstm,1
1.415251323154994,1.940521136854609,0.6231017671541237,5.640630684573866,3,ITEM_007,STORE_02,lstm,1
1.9005558831351144,2.3736431856734996,0.8253631196477712,10.18336655152503,3,ITEM_007,STORE_03,lstm,1
1.175078528267997,1.4825767494709452,0.5447869268269508,5.381047596020096,3,ITEM_008,STORE_01,lstm,1
2.099200589316232,2.527164552849924,0.886594188290757,11.143898755797462,3,ITEM_008,STORE_02,lstm,1
1.840907369341169,2.148697233441291,0.7687684332641961,16.52714330473169,3,ITEM_008,STORE_03,lstm,1
1.6468384606497628,1.8914866803820687,0.7487155488784855,13.058023718821415,3,ITEM_009,STORE_01,lstm,1
2.1917116301400315,2.681127554575126,0.9775033870424541,12.079183564593185,3,ITEM_009,STORE_02,lstm,1
2.1864414896283835,2.5765665643834934,1.0157842753898532,12.008269152966973,3,ITEM_009,STORE_03,lstm,1
1.6257452283586777,2.0985730499695876,0.6639948460146248,11.018280090100848,3,ITEM_010,STORE_01,lstm,1
2.1754832948957175,2.4809545244328945,1.003376990200093,7.994908015549789,3,ITEM_010,STORE_02,lstm,1
1.6265004021780831,2.01913664479479,0.7029255614064196,10.058649164032454,3,ITEM_010,STORE_03,lstm,1
1.6415321486336845,1.932716039779105,0.7205198362323424,18.125779925609613,4,ITEM_001,STORE_01,lstm,1
1.6175048010689874,2.030681877800987,0.6590364999926787,5.743707581085698,4,ITEM_001,STORE_02,lstm,1
1.6694849559238976,1.9933236930092526,0.7982984196725497,7.131602783067413,4,ITEM_001,STORE_03,lstm,1
1.3022277014596122,1.5883807993117174,0.6093842753524126,14.553767299190106,4,ITEM_002,STORE_01,lstm,1
1.861336708068849,2.400965630118788,0.8032034575156384,8.07771098880282,4,ITEM_002,STORE_02,lstm,1
1.8308232171194891,2.4373238950313496,0.7726409907109771,6.094597012425122,4,ITEM_002,STORE_03,lstm,1
2.0406767981393004,2.6371099300036365,0.8635798777774409,8.557110473385151,4,ITEM_003,STORE_01,lstm,1
1.47507803780692,1.6532372848606027,0.6945096186194301,4.870927692033955,4,ITEM_003,STORE_02,lstm,1
2.7641709872654507,3.074093905156376,1.2429312357205349,16.83058830202461,4,ITEM_003,STORE_03,lstm,1
0.8398829868861603,1.025525569733094,0.35026851674309495,3.558552979941391,4,ITEM_004,STORE_01,lstm,1
1.9452330725533624,2.394652392056594,0.9047595686294709,8.298390413844476,4,ITEM_004,STORE_02,lstm,1
1.7486749376569475,2.0188965208479828,0.7461878212636325,15.323388757061544,4,ITEM_004,STORE_03,lstm,1
1.322229862213135,1.6568533148418176,0.5626510051970787,23.354138192799233,4,ITEM_005,STORE_01,lstm,1
2.4797038350786478,3.1076908308502826,1.1010267993592453,13.013415951948188,4,ITEM_005,STORE_02,lstm,1
1.5665370396205358,1.7695898851770926,0.6678471160569477,14.374882807985005,4,ITEM_005,STORE_03,lstm,1
2.069642066955566,2.5628484494794788,0.8278568267822264,10.610387037985348,4,ITEM_006,STORE_01,lstm,1
1.345027140208653,1.7262220965390402,0.5771571683731161,21.339547778252253,4,ITEM_006,STORE_02,lstm,1
1.7802527291434151,1.9838351602778024,0.7485523358372679,12.428092036715059,4,ITEM_006,STORE_03,lstm,1
1.8960274287632533,2.671073351794701,0.8038457301669092,20.34310340192325,4,ITEM_007,STORE_01,lstm,1
2.101533208574567,2.5730879832109954,0.9394609095668618,8.9054033218764,4,ITEM_007,STORE_02,lstm,1
1.4659126826695044,1.7457927569647231,0.6349527627382033,7.7459496141234565,4,ITEM_007,STORE_03,lstm,1
1.597351346697127,1.7897007845841395,0.7407072777022968,7.393087403529963,4,ITEM_008,STORE_01,lstm,1
1.8742479596819197,2.240623563435671,0.793150010536967,11.931965826978741,4,ITEM_008,STORE_02,lstm,1
1.3212993485586983,1.5964853611772976,0.5545599455629573,13.980606437048895,4,ITEM_008,STORE_03,lstm,1
2.091432503291539,2.5981656788722,0.9544235630100277,16.02011030602047,4,ITEM_009,STORE_01,lstm,1
2.0006699562072763,2.5251881346297966,0.8748176614594554,11.31398417499703,4,ITEM_009,STORE_02,lstm,1
1.7975224086216521,2.3292986422413606,0.8211125203236942,11.214559443180756,4,ITEM_009,STORE_03,lstm,1
2.349352632250105,3.115029194450105,0.9631927012790091,12.232912015927546,4,ITEM_010,STORE_01,lstm,1
1.4021121433803005,1.7752986215001991,0.6404881687735237,5.055776465687547,4,ITEM_010,STORE_02,lstm,1
2.253663880484445,2.736201009690709,0.9798538610801935,15.789435364379138,4,ITEM_010,STORE_03,lstm,1
1.4694839205060681,1.7308037578276032,0.6461367145824456,14.001532629296015,5,ITEM_001,STORE_01,lstm,1
2.2148993355887274,2.5882762512445123,0.9027190757257583,7.040901341584214,5,ITEM_001,STORE_02,lstm,1
1.5785108293805814,1.9734973848938266,0.7489630962226181,6.340462600624215,5,ITEM_001,STORE_03,lstm,1
1.9246659278869633,2.2451167553768023,0.9050512398992269,22.575114750414876,5,ITEM_002,STORE_01,lstm,1
1.511480740138462,1.7379351049591896,0.6466081866657319,6.576858014157892,5,ITEM_002,STORE_02,lstm,1
1.9366889681134904,2.1891590356334176,0.8152669368435119,6.649918429380667,5,ITEM_002,STORE_03,lstm,1
1.5970393589564738,1.7396562689681097,0.6687249612591595,6.301703636261024,5,ITEM_003,STORE_01,lstm,1
1.671708515712193,2.0867943506018465,0.7908082200075642,5.074569643203701,5,ITEM_003,STORE_02,lstm,1
1.5204919406345907,1.8658413728657892,0.6760911630964316,10.26196565009959,5,ITEM_003,STORE_03,lstm,1
2.2862322671072812,2.8283619367204187,0.9581556981510623,9.409720528821266,5,ITEM_004,STORE_01,lstm,1
1.2706727981567387,1.554612981922507,0.5951570220615554,5.866013887436342,5,ITEM_004,STORE_02,lstm,1
1.4864932468959269,1.786981445883892,0.6359185911811095,13.092563646197302,5,ITEM_004,STORE_03,lstm,1
2.1934501102992465,2.548760213314226,0.9451775929834935,43.19260968210097,5,ITEM_005,STORE_01,lstm,1
2.629327842167446,3.1452185764553366,1.1476071797305427,14.68599600446781,5,ITEM_005,STORE_02,lstm,1
1.2818565368652348,1.5920646266573764,0.5518619423016542,11.268060891965465,5,ITEM_005,STORE_03,lstm,1
1.6674729755946573,2.120721581160545,0.6630723074092849,8.325167173144592,5,ITEM_006,STORE_01,lstm,1
1.6944617203303747,2.305128960405207,0.7328237732085744,20.18825608856824,5,ITEM_006,STORE_02,lstm,1
1.384229046957834,1.858734649943074,0.5853029154844008,10.344807016721843,5,ITEM_006,STORE_03,lstm,1
2.4782454626900807,2.87466557756461,1.0460270252138006,22.777601358918602,5,ITEM_007,STORE_01,lstm,1
1.4473840168544219,1.8327733122140675,0.6515289876438709,6.614244062204802,5,ITEM_007,STORE_02,lstm,1
1.5123652730669292,1.8166778605063023,0.6552661237968231,8.249979613473391,5,ITEM_007,STORE_03,lstm,1
1.06405394417899,1.3517898061558233,0.4935044711749914,5.07092944988702,5,ITEM_008,STORE_01,lstm,1
1.8759048325674865,2.2317974737455644,0.7924945549349274,11.122747640985619,5,ITEM_008,STORE_02,lstm,1
1.7269889967782157,2.3082119123914597,0.731539575042783,21.197099874644294,5,ITEM_008,STORE_03,lstm,1
1.1534415653773717,1.40187163853356,0.5241910853201095,9.762892992624316,5,ITEM_009,STORE_01,lstm,1
1.8725482395717081,2.4236960253151154,0.8098429430264503,11.958973995477297,5,ITEM_009,STORE_02,lstm,1
1.9810505594526018,2.3488585060103166,0.9037709000775104,10.455157232029462,5,ITEM_009,STORE_03,lstm,1
1.3740064076014928,1.7912731649108518,0.5571249248957294,6.926025901850501,5,ITEM_010,STORE_01,lstm,1
1.8884752818516328,2.2516817676017875,0.860708926536225,7.2039561956956,5,ITEM_010,STORE_02,lstm,1
1.4201422418866845,1.710169860098589,0.6075337749587442,10.157362976912424,5,ITEM_010,STORE_03,lstm,1
1.772528988974435,2.140681658994461,0.7849311675313287,23.736179315735544,6,ITEM_001,STORE_01,lstm,1
1.7974091938563763,2.2662532023828814,0.7358520860754293,6.566206151904644,6,ITEM_001,STORE_02,lstm,1
1.7719031742640905,2.090784563237716,0.8427765585193725,7.858356688397275,6,ITEM_001,STORE_03,lstm,1
1.0749329158238,1.4346664792545087,0.498638082625489,10.26123172072825,6,ITEM_002,STORE_01,lstm,1
1.5795022419520788,1.9719485799806429,0.6749536725679636,7.302206774439438,6,ITEM_002,STORE_02,lstm,1
1.6692180633544915,2.0191482084601797,0.7010141264345885,5.7658520732916045,6,ITEM_002,STORE_03,lstm,1
2.2026736395699635,2.8785528088489283,0.9187219966753353,8.914406525999109,6,ITEM_003,STORE_01,lstm,1
2.0163412094116215,2.5229858561299214,0.9553150584396809,6.019686595277482,6,ITEM_003,STORE_02,lstm,1
1.8172107424054833,2.35405002920082,0.8083854533216736,13.041020415183038,6,ITEM_003,STORE_03,lstm,1
1.4733340399605892,1.7393096264142442,0.6108640709437277,5.975288217552331,6,ITEM_004,STORE_01,lstm,1
1.5584667750767296,2.072356658601903,0.7291771680128898,7.533804882449339,6,ITEM_004,STORE_02,lstm,1
1.793095656803676,2.1955792805955117,0.7642189349521344,13.424780054930535,6,ITEM_004,STORE_03,lstm,1
1.7610080923352922,2.104589735679227,0.7618545647691689,20.044078658476728,6,ITEM_005,STORE_01,lstm,1
1.8191430909293038,2.1479704812267584,0.7828411184951501,9.027403547611794,6,ITEM_005,STORE_02,lstm,1
1.8633794784545898,2.4620001277862853,0.806858194752298,20.799082916140183,6,ITEM_005,STORE_03,lstm,1
1.7278520039149696,2.39237709882654,0.6917077751521782,7.816538244233154,6,ITEM_006,STORE_01,lstm,1
1.4588246686117987,1.7623077189239058,0.6316827313953486,19.069667475859028,6,ITEM_006,STORE_02,lstm,1
2.07468843460083,2.467363629536176,0.8796246360427498,13.690096257963507,6,ITEM_006,STORE_03,lstm,1
1.8466570036751884,2.2584319760924045,0.7728718849000789,19.874858752224085,6,ITEM_007,STORE_01,lstm,1
1.7606559480939594,1.9608604049231444,0.7868132808331979,8.092432826581787,6,ITEM_007,STORE_02,lstm,1
1.1508949143545968,1.4567685598475648,0.4987892701643368,5.9127770198213785,6,ITEM_007,STORE_03,lstm,1
1.333796773638044,2.0146427873591013,0.6246572222028459,6.991050825596054,6,ITEM_008,STORE_01,lstm,1
1.769257886069162,2.2118331363236763,0.7475306046768406,10.934678714410175,6,ITEM_008,STORE_02,lstm,1
1.6315486090523856,2.1658468105649886,0.6875610718631816,14.12649954703484,6,ITEM_008,STORE_03,lstm,1
1.8406449045453759,2.304519276198291,0.8402569816820799,17.15816953033584,6,ITEM_009,STORE_01,lstm,1
1.4404071399143774,1.6843606594649907,0.6204048404926885,8.048257190420923,6,ITEM_009,STORE_02,lstm,1
1.8531191008431576,2.1935666831936307,0.8381113264239676,9.2954881765746,6,ITEM_009,STORE_03,lstm,1
1.3601273127964564,1.6752200934429586,0.5531184405372256,7.427573918955586,6,ITEM_010,STORE_01,lstm,1
2.3831220354352687,2.722716726998397,1.0748276832647052,9.385301888629716,6,ITEM_010,STORE_02,lstm,1
1.5722774096897676,2.0978153032788525,0.6736359753543517,10.547065608898288,6,ITEM_010,STORE_03,lstm,1
1.841686180659703,2.180600373774415,0.8152790676288983,20.29957506769801,7,ITEM_001,STORE_01,lstm,1
1.3042467662266322,1.5773110721213877,0.5375466967535052,4.513452009783707,7,ITEM_001,STORE_02,lstm,1
1.6754728044782357,2.3436551582762704,0.791984320007603,6.4505380884959145,7,ITEM_001,STORE_03,lstm,1
2.5838087626865933,2.94809237173813,1.2099552228252517,33.76783825056938,7,ITEM_002,STORE_01,lstm,1
2.6339491435459683,3.1421316991235364,1.1281932338396552,10.267533540898842,7,ITEM_002,STORE_02,lstm,1
1.6330836159842357,2.0156716410108872,0.6860317784301977,5.3831258537173765,7,ITEM_002,STORE_03,lstm,1
1.766881397792271,2.426426235127315,0.7348587089409445,6.867873228962836,7,ITEM_003,STORE_01,lstm,1
1.956404277256557,2.4734999171671963,0.9239086991371511,6.308764544750946,7,ITEM_003,STORE_02,lstm,1
1.6789360046386719,2.1461065023062624,0.7458636056005427,11.4417518585652,7,ITEM_003,STORE_03,lstm,1
1.9926693780081615,2.70368947719355,0.8287655573820191,7.726929644985707,7,ITEM_004,STORE_01,lstm,1
2.028894424438476,2.463973016905296,0.9590442571262854,8.942884488716198,7,ITEM_004,STORE_02,lstm,1
2.074164867401123,2.499579677719265,0.8846480572942768,19.674237139269792,7,ITEM_004,STORE_03,lstm,1
1.4484639167785645,1.810221163591562,0.6230753095311391,18.55027076390408,7,ITEM_005,STORE_01,lstm,1
1.3511291231427873,1.672963234837432,0.5787259554758355,7.609523488057516,7,ITEM_005,STORE_02,lstm,1
1.3840531621660506,1.7590888169086683,0.5984450365265782,14.465196553383011,7,ITEM_005,STORE_03,lstm,1
1.9216060638427732,2.2038067541693196,0.7619638578586668,10.191224399580014,7,ITEM_006,STORE_01,lstm,1
2.065016746520996,2.5463608034327625,0.8928840712778122,22.28797718630912,7,ITEM_006,STORE_02,lstm,1
2.1527404785156246,2.443194384790752,0.9058472088976056,13.969966219805091,7,ITEM_006,STORE_03,lstm,1
1.8500783102852958,2.0549840474615126,0.7669193325872985,18.721600713890435,7,ITEM_007,STORE_01,lstm,1
1.8690941674368717,2.0795490972055806,0.8430236047199547,8.028379603993365,7,ITEM_007,STORE_02,lstm,1
1.921064172472273,2.530915396145271,0.838586273548766,9.347189943989855,7,ITEM_007,STORE_03,lstm,1
1.5941356931413926,2.0539931625603582,0.7549586018462067,8.102606450900502,7,ITEM_008,STORE_01,lstm,1
2.3003159931727817,2.5728206527693227,0.9712015379081046,14.77662173525734,7,ITEM_008,STORE_02,lstm,1
2.0491784640720914,2.43019820579388,0.8651703860085701,27.980160736664132,7,ITEM_008,STORE_03,lstm,1
2.3228686877659386,2.7371425294102,1.0562319576616859,20.948397118185955,7,ITEM_009,STORE_01,lstm,1
1.4973981721060616,1.769824737270113,0.6457851223344011,7.739047424035461,7,ITEM_009,STORE_02,lstm,1
1.4642659596034462,1.8309934411640767,0.6634129167156408,8.618145383564197,7,ITEM_009,STORE_03,lstm,1
1.8431865147181914,2.4054382852747582,0.7540991282710122,11.065682275246937,7,ITEM_010,STORE_01,lstm,1
1.556757518223354,1.936589010441533,0.6971385139590756,5.484255853732705,7,ITEM_010,STORE_02,lstm,1
2.3934912681579594,2.898956134134973,1.0269509543720474,14.142936380206326,7,ITEM_010,STORE_03,lstm,1
